Fund Name,P1,P2,P3,P4,P5,Topsis Score,Rank
M1,0.87,0.76,5.5,38.0,11.28,0.4715930633578665,4.0
M2,0.85,0.72,4.6,36.1,10.57,0.5635387730673649,3.0
M3,0.81,0.66,4.0,60.5,16.49,0.3405514332498538,6.0
M4,0.83,0.69,3.7,32.2,9.36,0.6577069050229112,2.0
M5,0.84,0.71,4.6,64.9,17.76,0.21550570173170835,8.0
M6,0.72,0.52,4.9,57.1,15.81,0.4022950429812713,5.0
M7,0.74,0.55,5.9,62.5,17.42,0.26891985876168156,7.0
M8,0.63,0.4,3.5,40.9,11.36,0.8253706961492272,1.0
